Brands,Year,Condition,Dealer_Name,City_State,Zip,Phone
Acura TLX V6,2019,NEW,McGrath Acura of Chicago,Chicago,IL 60642,"(888)707-1649
"
Toyota Camry XSE,2019,NEW,Toyota of Lincoln Park,Chicago,IL 60642,"(312)324-0844
"
Nissan Altima 2.5 SV,2019,NEW,Berman Nissan of Chicago,Chicago,IL 60618,"(773)295-9548
"
Honda Civic EX,2019,NEW,McGrath City Honda,Chicago,IL 60707,"(877)398-8299
"
Ford Fusion SEL,2019,NEW,Zeigler Ford of North Riverside,North Riverside,IL 60546,"(708)883-9248
"
Ford Fusion SE,2019,NEW,Zeigler Ford of North Riverside,North Riverside,IL 60546,"(708)883-9248
"
Nissan Sentra S,2019,NEW,Western Avenue Nissan,Chicago,IL 60636,"(877)421-3865
"
Chevrolet Malibu 1LT,2019,NEW,Currie Chevy,Forest Park,IL 60130,"(877)837-6927
"
Chevrolet Malibu LT,2019,NEW,Jack Phelan Chevrolet,Lyons,IL 60534,"(708)883-9204
"
Chevrolet Malibu 1LS,2019,NEW,Currie Chevy,Forest Park,IL 60130,"(877)837-6927
"
Hyundai Elantra SEL,2019,NEW,Hyundai of Lincolnwood,Lincolnwood,IL 60712,"(847)847-4097
"
Chevrolet Malibu RS,2019,NEW,Currie Chevy,Forest Park,IL 60130,"(877)837-6927
"
Hyundai Sonata SE,2019,NEW,Hyundai of Lincolnwood,Lincolnwood,IL 60712,"(847)847-4097
"
Kia Forte LXS,2019,NEW,Kia of Lincolnwood,Lincolnwood,IL 60712,"(847)847-2582
"
Toyota Corolla LE,2020,NEW,Toyota of Lincolnwood,Lincolnwood,IL 60712,"(847)847-2360
"
Toyota Camry LE,2019,NEW,Toyota of Lincolnwood,Lincolnwood,IL 60712,"(847)847-2360
"
Toyota Camry SE,2019,NEW,Toyota of Lincolnwood,Lincolnwood,IL 60712,"(847)847-2360
"
Nissan Altima 2.5 SV,2019,NEW,Star Nissan / Berman INFINITI of Niles,Niles,IL 60714,"(847)278-0614
"
Nissan Sentra SV,2019,NEW,Al Piemonte Nissan,Melrose Park,IL 60160,"(888)436-6119
"
Nissan Altima 2.5 SL,2019,NEW,Al Piemonte Nissan,Melrose Park,IL 60160,"(888)436-6119
"
Chevrolet Malibu 1LS,2019,NEW,Hawk Chevrolet Bridgeview,Bridgeview,IL 60455,"(708)325-4547
"
Chevrolet Malibu LT,2019,NEW,Hawk Chevrolet Bridgeview,Bridgeview,IL 60455,"(708)325-4547
"
Chevrolet Malibu 1LS,2019,NEW,Webb Chevy,Oak Lawn,IL 60453,"(888)611-5897
"
Chevrolet Malibu RS,2019,NEW,Hawk Chevrolet Bridgeview,Bridgeview,IL 60455,"(708)325-4547
"
Hyundai Elantra SEL,2020,NEW,Ettleson Hyundai,Countryside,IL 60525,"(708)298-4808
"
Nissan Sentra SV,2019,NEW,Continental Nissan,Countryside,IL 60525,"(866)434-7481
"
Honda Civic LX,2019,NEW,Continental Honda,Countryside,IL 60525,"(888)556-4238
"
Nissan Altima 2.5 SV,2019,NEW,Continental Nissan,Countryside,IL 60525,"(866)434-7481
"
Mazda Mazda3 FWD w/Preferred Package,2019,NEW,Napleton's Countryside Mazda,Countryside,IL 60525,"(708)328-3173
"
Mitsubishi Mirage G4 RF,2019,NEW,Continental Mitsubishi,Countryside,IL 60525,"(708)669-0990
"
Chevrolet Malibu LT,2019,NEW,Advantage Chevrolet,Hodgkins,IL 60525,"(877)226-1119
"
Volkswagen Jetta R-Line,2019,NEW,Jennings Chevy / VW,Glenview,IL 60025,"(847)941-0356
"
Chevrolet Malibu 1LT,2019,NEW,Jennings Chevy / VW,Glenview,IL 60025,"(847)941-0356
"
Hyundai Sonata SE,2019,NEW,AutoNation Hyundai O'Hare,Des Plaines,IL 60018,"(855)311-7559
"
Lincoln MKZ Reserve I,2019,NEW,Napleton Lincoln of Glenview,Glenview,IL 60025,-
Volkswagen Jetta 1.4T R-Line,2019,NEW,Larry Roesch Volkswagen,Bensenville,IL 60106,"(630)823-0506
"
Chevrolet Impala 1LT,2019,NEW,Castle Chevrolet of Villa Park,Villa Park,IL 60181,"(630)592-4294
"
Hyundai Sonata SE,2019,NEW,Napleton River Oaks Hyundai Kia,Calumet City,IL 60409,"(855)206-5507
"
Kia Forte LXS,2019,NEW,Napleton River Oaks Hyundai Kia,Calumet City,IL 60409,"(855)206-5507
"
Chevrolet Malibu RS,2019,NEW,Castle Chevrolet North,Elk Grove Village,IL 60007,"(847)457-4001
"
Chevrolet Malibu 1LT,2019,NEW,Castle Chevrolet North,Elk Grove Village,IL 60007,"(847)457-4001
"
Toyota Camry SE,2019,NEW,Lombard Toyota,Lombard,IL 60148,"(888)269-7838
"
Nissan Sentra SR,2019,NEW,Bill Kay Downers Grove Nissan,Downers Grove,IL 60515,"(630)243-5846
"
Nissan Sentra S,2019,NEW,Bill Kay Downers Grove Nissan,Downers Grove,IL 60515,"(630)243-5846
"
Honda Accord LX 1.5T,2019,NEW,Muller Honda,Highland Park,IL 60035,"(847)603-4949
"
Honda Accord Sport 1.5T,2019,NEW,Muller Honda,Highland Park,IL 60035,"(847)603-4949
"
Chevrolet Impala 1LT,2019,NEW,Phillips Chevrolet of Lansing,Lansing,IL 60438,"(708)251-0524
"
Lincoln MKZ Hybrid Reserve I,2019,NEW,Joe Rizza Ford Lincoln,Orland Park,IL 60462,"(888)570-9669
"
Mazda Mazda3 FWD w/Preferred Package,2019,NEW,Mazda of Orland Park,Orland Park,IL 60462,"(708)271-9633
"
Lincoln MKZ Reserve I,2019,NEW,Joe Rizza Ford Lincoln,Orland Park,IL 60462,"(888)570-9669
"
Ford Fusion S,2019,NEW,Joe Rizza Ford Lincoln,Orland Park,IL 60462,"(888)570-9669
"
Ford Fusion SE,2019,NEW,Joe Rizza Ford Lincoln,Orland Park,IL 60462,"(888)570-9669
"
Kia Rio LX,2019,NEW,International Kia of Orland Park,Orland Hills,IL 60487,"(708)263-4224
"
Hyundai Accent SEL,2019,NEW,Gregory Hyundai,Highland Park,IL 60035,"(888)612-9983
"
Mitsubishi Mirage G4 ES,2019,NEW,Max Madsen Mitsubishi,Downers Grove,IL 60515,"(630)984-5930
"
Lincoln MKZ Standard,2019,NEW,Joe Rizza Ford Lincoln,Orland Park,IL 60462,"(888)570-9669
"
Hyundai Sonata SE,2019,NEW,Family Hyundai,Tinley Park,IL 60477,"(877)337-9175
"
Lincoln MKZ Reserve II,2019,NEW,Joe Rizza Ford Lincoln,Orland Park,IL 60462,"(888)570-9669
"
Hyundai Elantra SE,2020,NEW,Family Hyundai,Tinley Park,IL 60477,"(877)337-9175
"
Chevrolet Malibu LT,2019,NEW,Phillips Chevrolet of Lansing,Lansing,IL 60438,"(708)251-0524
"
Kia Optima LX,2019,NEW,International Kia of Orland Park,Orland Hills,IL 60487,"(708)263-4224
"
Chevrolet Malibu RS,2019,NEW,Jerry Haggerty Chevrolet,Glen Ellyn,IL 60137,"(888)616-0282
"
Chevrolet Malibu LT,2019,NEW,Sunrise Chevrolet of Glendale Heights,Glendale Heights,IL 60139,"(630)395-7196
"
Chevrolet Malibu 1LT,2019,NEW,Jerry Haggerty Chevrolet,Glen Ellyn,IL 60137,"(888)616-0282
"
Chevrolet Malibu LT,2019,NEW,Chevrolet of Homewood,Homewood,IL 60430,"(708)298-8719
"
Nissan Altima 2.5 Platinum,2019,NEW,Glendale Nissan,Glendale Heights,IL 60139,"(630)984-6212
"
Chevrolet Malibu 1LS,2019,NEW,Chevrolet of Homewood,Homewood,IL 60430,"(708)298-8719
"
Honda Accord LX,2019,NEW,Honda of Lisle,Lisle,IL 60532,"(888)614-0394
"
Ford Fusion SEL,2019,NEW,Highland Park Ford Lincoln,Highland Park,IL 60035,"(847)978-0012
"
Chevrolet Malibu 1LS,2020,NEW,Bill Stasek Chevrolet,Wheeling,IL 60090,"(888)310-0093
"
Honda Accord Sport,2019,NEW,Schaumburg Honda Automobiles,Schaumburg,IL 60173,"(888)612-9956
"
Hyundai Elantra SEL,2020,NEW,Webb Hyundai Highland,Highland,IN 46322,"(219)354-2594
"
Honda Civic Sport,2019,NEW,Bosak Honda,Highland,IN 46322,"(219)595-3133
"
Honda Accord LX,2019,NEW,Bosak Honda,Highland,IN 46322,"(219)595-3133
"
Kia Forte S,2019,NEW,Thomas Kia of Highland,Highland,IN 46322,"(219)940-6281
"
Honda Accord Sport,2019,NEW,Bosak Honda,Highland,IN 46322,"(219)595-3133
"
Kia Rio LX,2019,NEW,Thomas Kia of Highland,Highland,IN 46322,"(219)940-6281
"
Toyota Corolla SE,2020,NEW,Team Toyota,Schererville,IN 46375,"(219)629-8314
"
Acura TLX V6 w/Technology Package,2019,NEW,Arlington Acura in Palatine,Palatine,IL 60074,"(866)231-0455
"
Toyota Camry SE,2019,NEW,Planet Toyota,Matteson,IL 60443,"(888)800-7288
"
Nissan Sentra S,2019,NEW,Woodfield Nissan,Hoffman Estates,IL 60169,"(847)637-5279
"
Ford Fusion SE,2019,NEW,Sutton Ford Lincoln,Matteson,IL 60443,"(708)248-8896
"
Chevrolet Malibu LT,2019,NEW,Advantage Chevrolet of Bolingbrook,Bolingbrook,IL 60440,"(866)687-3693
"
Mitsubishi Mirage G4 ES,2019,NEW,South Suburban Mitsubishi,Matteson,IL 60443,"(708)856-8855
"
Ford Fiesta S,2019,NEW,Currie Motors Ford of Frankfort,Frankfort,IL 60423,"(888)568-3704
"
Ford Fiesta SE,2019,NEW,Currie Motors Ford of Frankfort,Frankfort,IL 60423,"(888)568-3704
"
Hyundai Elantra Value Edition,2019,NEW,Hyundai of Palatine,Palatine,IL 60074,"(847)380-1495
"
Chevrolet Malibu LT,2018,NEW,Chevrolet of Palatine,Palatine,IL 60074,"(224)836-9628
"
Chevrolet Malibu Premier,2018,NEW,Chevrolet of Palatine,Palatine,IL 60074,"(224)836-9628
"
Hyundai Sonata SE,2019,NEW,Hyundai of Palatine,Palatine,IL 60074,"(847)380-1495
"
Chevrolet Malibu LT,2019,NEW,Phillips Chevrolet,Frankfort,IL 60423,"(888)612-2923
"
Chevrolet Malibu 1LS,2019,NEW,Phillips Chevrolet,Frankfort,IL 60423,"(888)612-2923
"
Toyota Camry LE,2019,NEW,Toyota of Naperville,Naperville,IL 60540,"(630)225-7560
"
Toyota Corolla SE,2020,NEW,Toyota of Naperville,Naperville,IL 60540,"(630)225-7560
"
Ford Fusion SE,2019,NEW,Fair Oaks Ford Lincoln,Naperville,IL 60540,"(630)300-0052
"
Chevrolet Malibu LT,2018,NEW,The Chevrolet Exchange,Lake Bluff,IL 60044,"(847)739-9888
"
Chevrolet Cruze LT,2019,NEW,The Chevrolet Exchange,Lake Bluff,IL 60044,"(847)739-9888
"
Mazda Mazda3 FWD w/Select Package,2019,NEW,Continental Mazda of Naperville,Naperville,IL 60540,"(630)948-0117
"
INFINITI Q50 3.0t LUXE,2019,NEW,INFINITI of Naperville,Naperville,IL 60540,"(630)324-0864
"
Mercedes-Benz C 300 4MATIC,2019,NEW,Mercedes-Benz of Naperville,Naperville,IL 60540,"(888)304-7834
"
